"Model","Selected","Parameters","CV_RMSE","CV_RMSE_SD","CV_MAE","CV_R2","Holdout_RMSE","Holdout_MAE","Holdout_R2","AIC","Delta_CV_RMSE"
"Readiness-augmented",TRUE,13,4.70013370139775,0.00972929542871152,3.77264301273107,0.15942776539297,4.39859567021654,3.51210312875486,0.181036879902002,8238.79408753157,0
"Linear BOY score",FALSE,12,4.73366739789265,0.00859928513273188,3.78222596723667,0.14739134036569,4.4282450853757,3.53547707936684,0.169958973717819,8258.60326998516,0.0335336964948985
"Quadratic BOY score",FALSE,13,4.73712420722203,0.00982582851993286,3.78640015139538,0.146144920036864,4.42650140774142,3.53362231636514,0.170612523371953,8260.55588646918,0.036990505824285
"Piecewise BOY score",FALSE,14,4.74065638029636,0.0100530041056177,3.78933378071133,0.144870975532279,4.43184512008723,3.53369798764297,0.168608826605656,8261.99567239053,0.0405226788986086
"Spline BOY score benchmark",FALSE,15,4.74488030671709,0.00969835492352268,3.79209105349006,0.143346683990182,4.42206511976404,3.53279113288853,0.172274132658455,8263.62539714541,0.0447466053193404
"Context baseline",FALSE,10,5.07842064605638,0.00742916866602635,4.07611443632658,0.0186788000032603,4.80229089680878,3.85864691072115,0.0238126229742157,8457.98273824851,0.378286944658632
