"Metric","Estimate","CI_Lower","CI_Upper"
"Expected-gain RMSE",4.66022386842297,4.22616657487488,5.08115147914687
"Expected-gain MAE",3.72475825891438,3.35862833254836,4.07062222482143
"Expected-gain R-squared",0.109885570161357,0.00908131919332691,0.188906398571088
"EOY RMSE",4.66022386842297,4.22616657487488,5.08115147914687
"EOY R-squared",0.932799108531128,0.917196032743103,0.944372945551327
