"Model","Selected","Parameters","CV_LogLoss","CV_LogLoss_SD","CV_Brier","CV_AUC","CV_AUC_SD","Holdout_LogLoss","Holdout_Brier","Holdout_AUC","AIC","Delta_CV_LogLoss"
"Piecewise readiness",TRUE,15,0.317936476864836,0.000857386554187156,0.0974457800303377,0.93504645787133,0.000328401508714031,0.309342068883156,0.0926720456396061,0.937882250910175,1684.85562572016,0
"Cubic polynomial readiness",FALSE,15,0.317952958766817,0.000789956656213519,0.0980027821593929,0.93485928960507,0.000284077550658344,0.312772712800139,0.0940005533496402,0.936481981697126,1684.97320798668,1.64819019808915e-05
"Spline readiness benchmark",FALSE,16,0.318239052508523,0.000725726442205912,0.0979136639534863,0.934763670005211,0.000273594094951504,0.313445908505972,0.0939170004124565,0.936725899560044,1687.19028073353,0.00030257564368652
"Quadratic readiness",FALSE,14,0.319116369426334,0.000855442444962246,0.097606728929721,0.934985299196568,0.000314642788325187,0.315631667857626,0.0934649010034624,0.936545219661587,1691.76232419022,0.00117989256149748
"Periodic context benchmark",FALSE,16,0.319571888609663,0.000741711252952621,0.0977592634107941,0.934819242980575,0.000295797806975452,0.314676997773066,0.0932121539172137,0.93696078342804,1694.29961557115,0.00163541174482656
"Linear readiness",FALSE,13,0.339733783754462,0.00105607543544737,0.100004450734308,0.935008588722871,0.000556200054613386,0.358452929981195,0.0985800536284205,0.932741907799048,1799.39297549063,0.0217973068896258
"Context baseline",FALSE,10,0.642887191374189,0.000420004912762201,0.225160004603244,0.673672601140922,0.000976069003620386,0.643811057822635,0.225757846402583,0.672838390864824,3413.86690483597,0.324950714509352
