"Metric","Estimate","CI_Lower","CI_Upper"
"Expected-gain RMSE",4.69323833853993,4.30538536007259,5.08515377856645
"Expected-gain MAE",3.73892254895879,3.37652478134514,4.07895018381684
"Expected-gain R-squared",0.0972292046445081,-0.00501061635534077,0.181311276969101
"EOY RMSE",4.69323833853993,4.30538536007259,5.08515377856645
"EOY R-squared",0.93184359200766,0.91661534725017,0.943254238792186
