"Metric","Estimate","CI_Lower","CI_Upper"
"Expected-gain RMSE",4.64579076988221,4.25445816281634,5.02648971040001
"Expected-gain MAE",3.71421777543975,3.35483572055428,4.03483437122347
"Expected-gain R-squared",0.115390548188542,0.0172485320173709,0.1985669278565
"EOY RMSE",4.64579076988221,4.25445816281634,5.02648971040001
"EOY R-squared",0.933214717377073,0.918177601159839,0.944482576348541
