"Metric","Estimate","CI_Lower","CI_Upper"
"Expected-gain RMSE",4.68333023276776,4.27017508783693,5.10437536960246
"Expected-gain MAE",3.72775360371112,3.37530771806402,4.07219081435426
"Expected-gain R-squared",0.101036940819037,-0.0066520782668892,0.185566472872602
"EOY RMSE",4.68333023276776,4.27017508783693,5.10437536960246
"EOY R-squared",0.932131064333497,0.916288061560689,0.943894546387048
