"Repeat","RMSE","MAE","R2"
1,4.97705821620155,4.0325390171698,-0.0152610455956519
2,4.98202658114796,4.0433941683357,-0.0172890327557782
3,4.95997298006233,4.02643113676447,-0.00830263709811452
4,5.03120797407101,4.10422070682109,-0.0374730447657159
5,4.95997298006233,4.02643113676447,-0.0083026370981143
