"Repeat","RMSE","MAE","R2"
1,5.0005000810868,4.03533402364723,-0.0248472947874689
2,5.01173465463536,4.03462219431292,-0.0294574961692613
3,5.03710680635729,4.07609273358951,-0.0399072383613548
4,5.02235064424753,4.08269311120145,-0.0338233637107683
5,4.93952053867261,3.9900271113149,-4.31258671884649e-06
