"ValidationYear","TrainingYears","SelectedModel","N","Selected_RMSE","Naive_RMSE","RMSE_Improvement","RMSE_Improvement_Pct","Selected_MAE","Naive_MAE","MAE_Improvement","MAE_Improvement_Pct","Selected_R2"
"2021-2022","2018-2019, 2019-2020, 2020-2021","Growth lasso",247,4.3078603241269,4.66951221554578,0.361651891418878,0.0774496081656801,3.35242178931921,3.65068346401774,0.298261674698528,0.0817002289128288,0.148884686296837
"2022-2023","2018-2019, 2019-2020, 2020-2021, 2021-2022","Growth lasso",253,4.68412407646173,5.00832984249412,0.32420576603239,0.06473330955194,3.75673366348141,4.0700193236715,0.313285660190092,0.0769739982235469,0.120404275602403
"2023-2024","2018-2019, 2019-2020, 2020-2021, 2021-2022, 2022-2023","Growth lasso",242,4.8879494175536,5.32745027182613,0.439500854272533,0.0824974109278513,4.00818806977499,4.4539001216731,0.445712051898118,0.100072305108334,0.157345586110892
